time,true_x,true_y,true_theta,odom_x,odom_y,odom_theta
0,0,0,0.29407506294973873,0,0,0.29407506294973873
0.1,0.019141412981317225,0.005797094882668422,0.29407506294973873,0.017801514072625018,0.0053912982408816324,0.29407506294973873
0.2,0.038282825962634444,0.011594189765336844,0.29407506294973873,0.035603028145250036,0.010782596481763265,0.29407506294973873
0.3,0.05742423894395166,0.017391284648005267,0.29407506294973873,0.05340454221787506,0.016173894722644896,0.29407506294973873
0.4,0.07656565192526889,0.02318837953067368,0.29407506294973873,0.07120605629050007,0.02156519296352653,0.29407506294973873
0.5,0.0957070649065861,0.028985474413342094,0.29407506294973873,0.0890075703631251,0.026956491204408163,0.29407506294973873
0.6,0.11484847788790332,0.03478256929601051,0.29407506294973873,0.10680908443575012,0.03234778944528979,0.29407506294973873
0.7000000000000001,0.13398989086922056,0.04057966417867892,0.29407506294973873,0.12461059850837514,0.03773908768617141,0.29407506294973873
0.8,0.15313130385053778,0.046376759061347334,0.29407506294973873,0.1424121125810001,0.04313038592705303,0.29407506294973873
0.9,0.172272716831855,0.05217385394401575,0.29407506294973873,0.16021362665362504,0.04852168416793465,0.29407506294973873
1,0.1914141298131722,0.05797094882668416,0.29407506294973873,0.17801514072625,0.053912982408816264,0.29407506294973873
1.1,0.21055554279448943,0.06376804370935257,0.29407506294973873,0.19581665479887495,0.05930428064969788,0.29407506294973873
1.2,0.22969695577580665,0.06956513859202099,0.29407506294973873,0.2136181688714999,0.06469557889057952,0.29407506294973873
1.3,0.24883836875712387,0.0753622334746894,0.29407506294973873,0.23141968294412485,0.07008687713146117,0.29407506294973873
1.4000000000000001,0.2679797817384411,0.08115932835735781,0.29407506294973873,0.2492211970167498,0.07547817537234282,0.29407506294973873
1.5,0.28712119471975833,0.08695642324002623,0.29407506294973873,0.26702271108937486,0.08086947361322447,0.29407506294973873
1.6,0.30626260770107555,0.09275351812269464,0.29407506294973873,0.28482422516199996,0.08626077185410612,0.29407506294973873
1.7,0.32540402068239277,0.09855061300536305,0.29407506294973873,0.30262573923462505,0.09165207009498777,0.29407506294973873
1.8,0.34454543366371,0.10434770788803147,0.29407506294973873,0.32042725330725014,0.09704336833586942,0.29407506294973873
1.9000000000000001,0.3636868466450272,0.11014480277069988,0.29407506294973873,0.33822876737987523,0.10243466657675107,0.29407506294973873
2,0.3828282596263444,0.11594189765336829,0.29407506294973873,0.3560302814525003,0.10782596481763272,0.29407506294973873
2.1,0.40196967260766164,0.1217389925360367,0.29407506294973873,0.3738317955251254,0.11321726305851437,0.29407506294973873
2.2,0.42111108558897886,0.12753608741870512,0.29407506294973873,0.3916333095977505,0.11860856129939602,0.29407506294973873
2.3000000000000003,0.4402524985702961,0.13333318230137353,0.29407506294973873,0.4094348236703756,0.12399985954027767,0.29407506294973873
2.4,0.4593939115516133,0.13913027718404194,0.29407506294973873,0.4272363377430007,0.12939115778115926,0.29407506294973873
2.5,0.4785353245329305,0.14492737206671036,0.29407506294973873,0.4450378518156258,0.13478245602204084,0.29407506294973873
2.6,0.49767673751424774,0.15072446694937877,0.29407506294973873,0.46283936588825086,0.14017375426292242,0.29407506294973873
2.7,0.516818150495565,0.15652156183204718,0.29407506294973873,0.48064087996087596,0.145565052503804,0.29407506294973873
2.8000000000000003,0.5359595634768822,0.1623186567147156,0.29407506294973873,0.49844239403350105,0.15095635074468558,0.29407506294973873
2.9,0.5551009764581994,0.168115751597384,0.29407506294973873,0.5162439081061261,0.15634764898556716,0.29407506294973873
3,0.5742423894395167,0.17391284648005242,0.29407506294973873,0.5340454221787512,0.16173894722644874,0.29407506294973873
3.1,0.5933838024208339,0.17970994136272084,0.29407506294973873,0.5518469362513763,0.16713024546733032,0.29407506294973873
3.2,0.6125252154021511,0.18550703624538925,0.29407506294973873,0.5696484503240014,0.1725215437082119,0.29407506294973873
3.3000000000000003,0.6316666283834683,0.19130413112805766,0.29407506294973873,0.5874499643966264,0.1779128419490935,0.29407506294973873
3.4,0.6508080413647855,0.19710122601072608,0.29407506294973873,0.6052514784692515,0.18330414018997507,0.29407506294973873
3.5,0.6699494543461028,0.2028983208933945,0.29407506294973873,0.6230529925418766,0.18869543843085665,0.29407506294973873
3.6,0.68909086732742,0.2086954157760629,0.29407506294973873,0.6408545066145017,0.19408673667173823,0.29407506294973873
3.7,0.7082322803087372,0.21449251065873132,0.29407506294973873,0.6586560206871268,0.1994780349126198,0.29407506294973873
3.8000000000000003,0.7273736932900544,0.22028960554139973,0.29407506294973873,0.6764575347597519,0.2048693331535014,0.29407506294973873
3.9,0.7465151062713716,0.22608670042406814,0.29407506294973873,0.694259048832377,0.21026063139438297,0.29407506294973873
4,0.7656565192526888,0.23188379530673656,0.29407506294973873,0.7120605629050021,0.21565192963526456,0.29407506294973873
4.1,0.7847979322340061,0.23768089018940497,0.29407506294973873,0.7298620769776272,0.22104322787614614,0.29407506294973873
4.2,0.8039393452153233,0.24347798507207338,0.29407506294973873,0.7476635910502523,0.22643452611702772,0.29407506294973873
4.3,0.8230807581966405,0.2492750799547418,0.29407506294973873,0.7654651051228774,0.2318258243579093,0.29407506294973873
4.4,0.8422221711779577,0.25507217483741007,0.29407506294973873,0.7832666191955024,0.23721712259879088,0.29407506294973873
4.5,0.8613635841592749,0.26086926972007835,0.29407506294973873,0.8010681332681275,0.24260842083967246,0.29407506294973873
4.6000000000000005,0.8805049971405922,0.2666663646027466,0.29407506294973873,0.8188696473407526,0.24799971908055404,0.29407506294973873
4.7,0.8996464101219094,0.2724634594854149,0.29407506294973873,0.8366711614133777,0.25339101732143565,0.29407506294973873
4.8,0.9187878231032266,0.27826055436808317,0.29407506294973873,0.8544726754860028,0.25878231556231723,0.29407506294973873
4.9,0.9379292360845438,0.28405764925075144,0.29407506294973873,0.8722741895586279,0.2641736138031988,0.29407506294973873
5,0.957070649065861,0.2898547441334197,0.29407506294973873,0.890075703631253,0.2695649120440804,0.29407506294973873
5.1000000000000005,0.9762120620471783,0.295651839016088,0.29407506294973873,0.9078772177038781,0.274956210284962,0.29407506294973873
5.2,0.9953534750284955,0.30144893389875627,0.29407506294973873,0.9256787317765032,0.28034750852584356,0.29407506294973873
5.3,1.0144948880098126,0.30724602878142454,0.29407506294973873,0.9434802458491283,0.28573880676672514,0.29407506294973873
5.4,1.0336363009911298,0.3130431236640928,0.29407506294973873,0.9612817599217534,0.2911301050076067,0.29407506294973873
5.5,1.052777713972447,0.3188402185467611,0.29407506294973873,0.9790832739943784,0.2965214032484883,0.29407506294973873
5.6000000000000005,1.0719191269537642,0.32463731342942936,0.29407506294973873,0.9968847880670035,0.3019127014893699,0.29407506294973873
5.7,1.0910605399350815,0.33043440831209764,0.29407506294973873,1.0146863021396286,0.30730399973025146,0.29407506294973873
5.8,1.1102019529163987,0.3362315031947659,0.29407506294973873,1.0324878162122537,0.31269529797113305,0.29407506294973873
5.9,1.116504362942931,0.3388484580907107,0.4676913417759974,1.0383666864047623,0.31508851800571885,0.4555382022581593
6,1.1238068152536898,0.3432160080182469,0.6047829298117825,1.0452273427631662,0.3190337262509409,0.5830333791314395
6.1000000000000005,1.1316215211341902,0.34939460599824307,0.7282207290303272,1.0526439404069277,0.32458759805584975,0.6978305324046861
6.2,1.1395738647240856,0.35734402922480646,0.8383288849993319,1.0602898891024406,0.331722466976493,0.8002311174558604
6.3,1.1473723801839844,0.3669533121402048,0.9366295642530551,1.0679087183971807,0.34034984956614844,0.891650749161823
6.4,1.1548029068823722,0.378075087737227,1.0243871496954806,1.0753091609308911,0.3503490089166777,0.9732653036232785
6.5,1.1617168903448378,0.39054772790480213,1.1027239725437596,1.082355423321188,0.36158542169964275,1.046118548872178
6.6000000000000005,1.168018999246214,0.4042095435816395,1.1726335163814314,1.0889569891898303,0.3739227796100357,1.1111344246412127
6.7,1.1736555760566612,0.4189072355399462,1.2349967993505488,1.095059108031607,0.387230289406348,1.169132277802492
6.8,1.1786046278105873,0.43450042064338235,1.290596020750053,1.1006345209361452,0.40138674099974453,1.2208395537040309
6.9,1.1828675419867114,0.45086358053006365,1.3401263231746596,1.1056765700428004,0.416282427623408,1.266902734958915
7,1.186462448141603,0.46788639153195194,1.3842059710946912,1.1101936329951483,0.43181969304435736,1.3078968075245443
7.1000000000000005,1.1894190280487766,0.4854730955016116,1.4233851977426728,1.1142047304910017,0.44791264309708295,1.3443334883071674
7.2,1.1917745406325517,0.5035413517437425,1.4581539181795005,1.117736124829756,0.464486384058392,1.3766683983134171
7.3,1.1935708335338604,0.5220208545976245,1.4889484687255978,1.120818730042501,0.48147602577640414,1.4053073303212877
7.4,1.1948521378835313,0.540851893796841,1.5161575044087994,1.1234861722326226,0.4988256007801866,1.430611733506665
7.5,1.1956634741710122,0.5599839623753153,1.5401271637341944,1.125773362376691,0.5164869915813504,1.452903516679282
7.6000000000000005,1.1960495284435488,0.5793744693136604,1.5611655920179752,1.1277154678896413,0.534418919043747,1.4724692549831981
7.7,1.1960538864095072,0.5989875836745743,1.5795468995117725,1.1293471912831319,0.5525860190779165,1.4895638709524297
7.8,1.1957185372376344,0.6187932181439101,1.5955146177095585,1.1307022832814564,0.5709580186917675,1.504413848876371
7.9,1.1950845267330228,0.6387402076485217,1.6092847283078515,1.1318118968198396,0.5894849082098162,1.5172200517327834
8,1.1942006700411152,0.6585812439059524,1.6210508098218341,1.1326975718594474,0.6079341390780351,1.5281625075407876
8.1,1.1931095045685938,0.6782723027928649,1.6309881665424586,1.1333922992656524,0.6262617667892473,1.5374042492909683
8.2,1.1918474188461188,0.6978281820282516,1.639252250870593,1.13392864764022,0.6444786832276264,1.545089847716133
8.3,1.1904469796741137,0.7172627791945686,1.645979964698667,1.134335814566519,0.6625951526773892,1.551346621576242
8.4,1.1889375184181166,0.7365890050488955,1.6512910300518446,1.1346401268145188,0.6806207150423491,1.556285912354697
8.5,1.1873456438554653,0.7558187372773383,1.655289106205458,1.1348654796143383,0.6985641249393186,1.5600041231775577
8.6,1.1856956951770519,0.7749628011245454,1.6580626450057079,1.1350337259689636,0.7164333148019879,1.56258351426179
8.700000000000001,1.1840101477175253,0.7940309662056337,1.6596854617687133,1.1351650261985604,0.7342353724720786,1.5640927338513853
8.8,1.1823099833204727,0.8130319507456849,1.6602169825591397,1.1352781674086525,0.7519765252959661,1.5645870481864819
8.9,1.1806150370720703,0.8319734255946667,1.6597021041619504,1.1353908624596594,0.7696621235521135,1.5641082112770957
9,1.1789443326326725,0.8508620106433318,1.6581705660832948,1.1355200384284343,0.7872966160887216,1.562683880863946
9.1,1.1773164198305544,0.8697032556003124,1.6556356762566982,1.135682125710163,0.8048835102129402,1.5603264333252111
9.200000000000001,1.1757497310025642,0.8885015951745258,1.652092139255613,1.1358933611670092,0.8224253058204418,1.557030943914202
9.3,1.1742629775448625,0.9072602649012305,1.6475125809771074,1.1361701226992202,0.8399233898405501,1.5527719547151917
9.4,1.1728756166535008,0.9259811569044673,1.6418420957213045,1.136529319380159,0.8573778700520416,1.547498403427295
9.5,1.1716084328454548,0.944664582326366,1.6349896575521379,1.1369888728599673,0.874787314749603,1.54112563592997
9.6,1.1704843045001683,0.9633088838984065,1.6268143202959215,1.1375683459514823,0.8921483416216833,1.533522572281689
9.700000000000001,1.169897844639914,0.976474203760104,1.522231883791622,1.1381560694328152,0.9043905901008144,1.4362609063326905
9.8,1.1706974928154732,0.9814000006008482,1.3038766990800008,1.1392551976464167,0.9089007757682261,1.2331905845508828
9.9,1.172480175031657,0.9860720883695508,1.1124126092963154,1.1411873760363713,0.913132045817679,1.0551289810520552
10,1.175717870332515,0.991357407890747,0.9411490596702071,1.1444451331365924,0.9178886186605373,0.8958538798997747
10.1,1.1809048759243324,0.9973857711029186,0.7870679809236979,1.1494880748436866,0.9233001727024222,0.7525584766655211
10.200000000000001,1.1880687568719912,1.0036039164239794,0.6482824407766058,1.1563186349875902,0.9288849393012558,0.6234879243287254
10.3,1.1971074854382184,1.0095714077000066,0.5231527892891549,1.1648361135694159,0.9342637358786136,0.507117348445396
10.4,1.2078465269190084,1.0149582952914542,0.4102469150916675,1.1748833462048958,0.9391540827282966,0.4021148854417327
10.5,1.2200783554379082,1.0195321623032352,0.3083072012524781,1.18627848373305,0.943357212362948,0.3073109515712865
10.6,1.23358824381731,1.0231414331647066,0.21622580605723712,1.1988354879665226,0.9467430228701168,0.22167525403971233
10.700000000000001,1.2481700278567127,1.0256986277624118,0.13302502012341322,1.2123765371492279,0.9492355854568006,0.14429852312125604
10.8,1.2636349056322804,1.02716531909164,0.05784123000397457,1.2267388778852901,0.950800385937768,0.07437759831017812
10.9,1.279815606272929,1.0275394532702773,-0.010088350735444581,1.2417780142020842,0.95143368375838,0.011203088222518308
11,1.2965676191499507,1.0268451051440757,-0.07143666776730961,1.257368584074451,0.9511539601394019,-0.045850846617116164
11.1,1.3137686630819188,1.0251244616579434,-0.1267958010453775,1.2734038573632998,0.9499952380278495,-0.09733484056571926
11.200000000000001,1.331317194112404,1.0224317165764643,-0.17668403724059678,1.2897944844698153,0.9480019915378216,-0.1437309002272732
11.3,1.3491304794318921,1.0188285440503042,-0.2215509796310982,1.3064669109037648,0.9452253626396575,-0.18545715665043952
11.4,1.3671425808499138,1.014380848721865,-0.2617804057075908,1.3233617287778017,0.9417204346580689,-0.2228705229015776
11.5,1.3853024743372135,1.009156541681473,-0.29769020473518437,1.340432145768527,0.9375443582433857,-0.25626663599723953
11.6,1.403572469982178,1.0032241536530584,-0.3295280251786888,1.357642705519441,0.932755178862608,-0.2858758090096987
11.700000000000001,1.42192708717723,0.9966521689914642,-0.35745982910056123,1.3749683901105954,0.9274112768419355,-0.3118523866570402
11.8,1.436458437673464,0.9918419627930554,-0.2806567266046473,1.3886630082261597,0.9235221014005076,-0.24042550133584017
11.9,1.4508885524894077,0.9882349363887206,-0.21354433013207305,1.4022003207351568,0.9206761242317846,-0.17801097261634613
12,1.4661097452685916,0.9853958211885392,-0.15640304137931993,1.4164367729438363,0.9185112247544402,-0.12486957407628571
12.1,1.4819959394301694,0.9833183716545334,-0.10480816847203067,1.4312619941037976,0.9170185699103206,-0.0768863422725067
12.200000000000001,1.4984428415572082,0.9819813966058496,-0.058403177981549176,1.4465851754156294,0.91617726581817,-0.03372970111635892
12.3,1.515360387368183,0.9813535810096807,-0.0166479435982523,1.4623279540570866,0.9159582457442452,0.005102666860107167
12.4,1.5326718210197425,0.9813971760369518,0.02092472615638449,1.478423534984278,0.9163273377968297,0.04004524973191938
12.5,1.5503121834137727,0.9820707221479951,0.05473203951097936,1.4948153246381382,0.9172475109538182,0.0714860511516926
12.6,1.568226822996814,0.9833310436562949,0.0851459119634389,1.511455616368613,0.9186805138695998,0.09977095253247997
12.700000000000001,1.5863699857906852,0.9851346768966999,0.11249802472208639,1.5283043627085624,0.9205880433087605,0.1252084173980221
12.8,1.6047035305969406,0.9874388664873895,0.13708419186149137,1.5453280663165285,0.9229325551565277,0.1480735528376687
12.9,1.6231957874540732,0.9902022356399783,0.15916818356894785,1.5624988001168039,0.9256778063477318,0.16861166512560327
13,1.6418205618214616,0.9933852129730695,0.17898506375583123,1.5797933556421517,0.9287891961416179,0.18704136369940483
13.1,1.6605562779969667,0.9969502791545243,0.196744093178024,1.5971925121275936,0.9322339591229969,0.2035572610620441
13.200000000000001,1.6793852506888196,1.000862081430169,0.21263123776356552,1.6146804157779338,0.9359812495916939,0.21833230552659766
13.3,1.698293071852303,1.0050874520442048,0.2268113106020154,1.632244057598951,0.9400021470068781,0.23151977326635603
13.4,1.7172680998258174,1.0095953570819376,0.2394297636577872,1.649872838446971,0.944269604315794,0.2432549346082238
13.5,1.7363010388063538,1.0143567947824341,0.2506141302546555,1.6675582110229283,0.94875835481275,0.2536563955433113
13.6,1.7553845984202119,1.0193446563472492,0.2604750993478374,1.6852933901460063,0.9534447881948028,0.26282709679997046
13.700000000000001,1.7745132254219333,1.0245335572155891,0.2691071734671069,1.7030731246977548,0.9583068022887159,0.2708549257308911
13.8,1.7936829024539074,1.0298996421765911,0.27658881661771195,1.720893527214529,0.9633236330921815,0.27781285386095383
13.9,1.8128845233471407,1.0354184806770788,0.2829819232402051,1.7387459269340588,0.9684739063176345,0.28375844301987246
14,1.832017372594945,1.0410392586279726,0.2883313618602254,1.7565364256627505,0.9737116149068019,0.2887334209364913
14.1,1.8510580791231044,1.046733222548442,0.2926638762173047,1.774242987544463,0.9790113373763477,0.29276265928857514
14.200000000000001,1.870016148186637,1.0524815979455553,0.29598208982435453,1.7918741159344491,0.984356920940426,0.2958485979431316
14.3,1.8888472869957882,1.0582977298159737,0.3220837208378982,1.8093891949326593,0.9897592094665406,0.3201231147857272
14.4,1.9013305012169919,1.0629612643648998,0.41180355795876905,1.8210186818506635,0.9940450369536279,0.4035625633081371
14.5,1.9126542860321964,1.0685859381482727,0.5051514242636423,1.8316107019209855,0.9991528021503598,0.49037607897166924
14.6,1.9242168889667397,1.0756222184496256,0.5861434153699823,1.8424783439366899,1.0055056275260779,0.5656986307005654
14.700000000000001,1.935843404324193,1.0839843701783158,0.6590213397168442,1.8534677806768558,1.0130312579463538,0.633475100343147
14.8,1.947403163676089,1.0935742595568057,0.7244478019958869,1.8644631620262648,1.0216467817186927,0.6943217102626567
14.9,1.9587992482145182,1.1042871533770549,0.7832039578600978,1.875377282356401,1.031263257012547,0.7489649352163729
15,1.9699628089529577,1.1160181394240332,0.8359715091812012,1.8861468431255801,1.041791125466089,0.7980387579449991
15.1,1.9808476259399659,1.1286660151504997,0.8833572169436461,1.8967279036220848,1.0531435226012942,0.8421074661640727
15.200000000000001,1.9914253826137098,1.14213559291567,0.925900829105842,1.9070919338413548,1.065238281077512,0.8816730254749148
15.3,2.0016816800254573,1.1563389022386217,0.9640827955733112,1.9172224799717588,1.0779990165642817,0.9171822542896613
15.4,2.011612753944498,1.1711956551401468,0.9983309304918954,1.9271124094055987,1.0913555948243883,0.9490330197639447
15.5,2.021222819966377,1.186633235084629,1.0290262196130648,1.9367616732333126,1.1052441931686978,0.9775796386466323
15.6,2.0305219591803385,1.202586392062507,1.0565078792800675,1.9461755148703959,1.1196071065063253,1.0031375821369448
15.700000000000001,2.0395244576606237,1.218996769201662,1.0810777574206605,1.9553630543430363,1.1343924020041274,1.0259875688076963
15.8,2.0482475204613197,1.235812345223903,1.103004149208517,1.964336183801908,1.1495534930426128,1.0463791131704028
15.9,2.0567102910475956,1.2529868480112856,1.1225250841944454,1.9731087180743387,1.1650486794539134,1.0645335827073161
16,2.064933118044585,1.2704791743087298,1.1398511262536584,1.981695752854527,1.1808406843945896,1.080646801822384
16.1,2.072937021740931,1.2882528367155088,1.1551677113293317,1.9901131916306551,1.196896206693736,1.0948912259427606
16.2,2.0807433224990333,1.3062754497875164,1.1686370288726544,1.9983774103129839,1.2131854996754494,1.1074176912580507
16.3,2.088373402045357,1.3245182609597554,1.1803994283479546,2.006505035725276,1.2296819822261804,1.1183567227700795
16.4,2.0958485767566337,1.3429557281635511,1.1905742976784917,2.01451282083761,1.2463618845063194,1.1278193512474788
16.5,2.103178558008069,1.3615357380282007,1.1992603866044325,2.0224051929399733,1.2631773126866364,1.1358974139486036
16.6,2.110331609636346,1.380099520249743,1.2065379101779126,2.0301417773108255,1.2799837318499647,1.1426655108719401
16.7,2.1173293524979284,1.39862375952069,1.2124683874727427,2.0377396295481542,1.2967591236704357,1.148180854756132
16.8,2.124199495079154,1.4171045017793984,1.2170900296472538,2.0452226470804886,1.3134989831619035,1.1524789819784271
16.9,2.13096853838671,1.435537197321118,1.2204131652059373,2.052613603864355,1.330198252144715,1.1555694980480027
17,2.1376623327985325,1.4539162217454586,1.2224124252737774,2.059934603666764,1.3468508722918064,1.1574288099110939
17.1,2.1424724089795197,1.4675763191942954,1.2962888082909771,2.0652321705010963,1.3592342189775122,1.2261338461170896
17.2,2.1440501948416504,1.4755760381072955,1.4432846869297278,2.067258475798399,1.3665424191329532,1.3628400132511274
17.3,2.1446555532562668,1.4852187697663073,1.5680408157637913,2.0685807215360237,1.3754307918132933,1.4788632130668065
17.400000000000002,2.144051213329874,1.4961824169466085,1.679597420682001,2.068970318884396,1.38563574172133,1.5826108556407414
17.5,2.142114855022546,1.508171380301046,1.778993160164489,2.068298114955835,1.396910574260652,1.6750488933594547
17.6,2.138807073754514,1.5209220769984355,1.867576499114473,2.0665074696456047,1.40903021686156,1.7574313985829397
17.7,2.1341457939664936,1.5342108164886694,1.9465120212755336,2.0635933854863002,1.421799143306616,1.8308414341927262
17.8,2.1281864549918366,1.5478543525741706,2.0168324819653978,2.0595860145141573,1.4350530182993377,1.8962394626342995
17.900000000000002,2.1210072677131353,1.5617069819461904,2.079453465869779,2.054538141975606,1.4486572871056036,1.9544769776653739
18,2.1126986394540146,1.5756560170928167,2.1351877538375716,2.048515993942945,1.4625042010916987,2.006309865475421
18.1,2.103355840387245,1.5896167627116309,2.184757582129673,2.0415926770521517,1.476509229947305,2.0524098057870757
18.2,2.09307409998884,1.6035276254495778,2.2288052737350945,2.0338436300765,1.4906074120288229,2.093374158980117
18.3,2.0819454732264693,1.617345675076187,2.2679024925289304,2.02534357245079,1.5047499401876947,2.1297345724583843
18.400000000000002,2.070056963814323,1.6310427870806994,2.3025583264727847,2.0161645423373757,1.5189011229456644,2.161964498026169
18.5,2.057489519239449,1.6446023889131869,2.333226366615834,2.006374712107444,1.5330357672758637,2.1904857753592046
18.6,2.0443176150517473,1.6580167747436836,2.3603109195484904,1.9960377476994733,1.5471369766042602,2.215674409586575
18.7,2.0306092254434303,1.6712849268619305,2.3841724683571393,1.98521254034022,1.5611943305189455,2.237865649978618
18.8,2.0164260369223266,1.6844107729166995,2.4051324791236866,1.9739531866345164,1.5752024009403756,2.257358459991506
18.900000000000002,2.0018238058518847,1.6974018090967804,2.4234776353636343,1.9623091286705328,1.5891595566806416,2.2744194552946575
19,1.9868527924172563,1.7102680252087537,2.439463570672493,1.9503253920845958,1.603067010348,2.2892863751318964
19.1,1.9715582262200224,1.7230210755328979,2.4533181596728224,1.9380428791790347,1.6169280659613081,2.3021711429022025
19.2,1.9560874662993983,1.7355873426034947,2.4652449455173886,1.9255846409591038,1.6306531931343853,2.313263053737649
19.3,1.9405864284985594,1.7478966085959873,2.475428416754564,1.9130729142922511,1.6441559738238603,2.3227336819882227
19.400000000000002,1.925066794375187,1.7599849335011306,2.484034207767889,1.9005216529988371,1.657466528508325,2.330737067630615
19.5,1.9095382924818793,1.77188474202919,2.4912099678782407,1.8879427721868176,1.670612007374847,2.337410524533242
19.6,1.8940091266205055,1.783625211824842,2.497087085526064,1.875346548708429,1.6836168859379388,2.3428762439457174
19.7,1.8784863187036887,1.7952326276690032,2.5017822131768717,1.8627419469130035,1.6965032387301207,2.3472427126609685
19.8,1.8629759843692262,1.8067307028698092,2.505398612762771,1.8501368849200228,1.7092909906406362,2.350605964275856
19.900000000000002,1.847483555911841,1.818140869914469,2.508027333448785,1.8375384537543178,1.7219981464563745,2.3530506745138475
20,1.832013964262844,1.8294825429259738,2.5097482312935155,1.8249530993856702,1.7346409997609327,2.354651109509448
20.1,1.8165717895328586,1.8407733546823122,2.5106308374960706,1.8123867759041703,1.7472343226917095,2.355471933277824
20.2,1.8011613879282191,1.8520293710125961,2.5107350786174196,1.7998450766609033,1.7597915382307878,2.3555688775206787
20.3,1.785787001576872,1.8632652853545746,2.510111848173674,1.7873333491513022,1.7723248767741073,2.354989273207995
20.400000000000002,1.7704528568945026,1.8744945961916968,2.5088034239673895,1.7748567986747221,1.7848455187266985,2.3537724386961503
20.5,1.7551632565599304,1.8857297700176865,2.5068437189156083,1.7624205853433341,1.797363724844297,2.3519499129979935
20.6,1.739922669933709,1.8969823924360427,2.504258344115685,1.750029918841155,1.8098889559958036,2.349545514434065
20.7,1.7247358268829007,1.9082633100099309,2.5010644501541397,1.7376901554726332,1.8224299839793534,2.346575193049828
20.8,1.7096078205307705,1.919582765564987,2.497270294089255,1.725406902559229,1.8349949949912692,2.3430466279094855
20.900000000000002,1.6945442255744794,1.9309505298425613,2.4928744516203065,1.713186136266048,1.8475916873281042,2.3389584944133643
21,1.6795512407498137,1.9423760327467632,2.4878645507277897,1.7010343406891069,1.8602273648951322,2.334299286583324
21.1,1.6646358671973691,1.9538684979843959,2.482215334060795,1.688958678889073,1.8729090280853142,2.32904551508302
21.2,1.649806139651002,1.9654370857488481,2.4758857435531696,1.6769672111886809,1.8856434635412143,2.3231589959109282
21.3,1.6350714358829632,1.9770910493724807,2.468814526308261,1.665069183662079,1.8984373341198313,2.3165827638731638
21.400000000000002,1.620442904233012,1.988839913742664,2.460913515004638,1.6532754225750181,1.9112972698139215,2.309234823360795
21.5,1.6059340742570591,2.00069368596743,2.4520570923407266,1.6415988929395353,1.9242299588832141,2.3009983502833578
21.6,1.591561761691326,2.012663112478804,2.442065084899776,1.6300555202373097,1.9372422346338778,2.2917057833632737
